Driver,Nationality,Seasons,Championships,Race_Wins,Podiums,Points
Carlo Abate,Italy,"[1962, 1963]",0,0,0,0
George Abecassis,United Kingdom,"[1951, 1952]",0,0,0,0
Kenny Acheson,United Kingdom,"[1983, 1985]",0,0,0,0
Andrea de Adamich,Italy,"[1968, 1970, 1971, 1972, 1973]",0,0,0,6
Philippe Adams,Belgium,[1994],0,0,0,0
Walt Ader,United States,[1950],0,0,0,0
Kurt Adolff,West Germany,[1953],0,0,0,0
Fred Agabashian,United States,"[1950, 1951, 1952, 1953, 1954, 1955, 1956, 1957]",0,0,0,1.5
Kurt Ahrens Jr.,West Germany,"[1966, 1967, 1968, 1969]",0,0,0,0
Jack Aitken,United Kingdom,[2020],0,0,0,0
Christijan Albers,Netherlands,"[2005, 2006, 2007]",0,0,0,4
Alexander Albon,Thailand,"[2019, 2020, 2022]",0,0,2,202
Michele Alboreto,Italy,"[1981, 1982, 1983, 1984, 1985, 1986, 1987, 1988, 1989, 1990, 1991, 1992, 1993, 1994]",0,5,23,186.5
Jean Alesi,France,"[1989, 1990, 1991, 1992, 1993, 1994, 1995, 1996, 1997, 1998, 1999, 2000, 2001]",0,1,32,241
Jaime Alguersuari,Spain,"[2009, 2010, 2011]",0,0,0,31
Philippe Alliot,France,"[1984, 1985, 1986, 1987, 1988, 1989, 1990, 1993, 1994]",0,0,0,7
Cliff Allison,United Kingdom,"[1958, 1959, 1960, 1961]",0,0,1,11
Fernando Alonso,Spain,"[2001, 2003, 2004, 2005, 2006, 2007, 2008, 2009, 2010, 2011, 2012, 2013, 2014, 2015, 2016, 2017, 2018, 2021, 2022]",2,32,99,2076
Giovanna Amati,Italy,[1992],0,0,0,0
George Amick,United States,[1958],0,0,1,6
Red Amick,United States,"[1959, 1960]",0,0,0,0
Chris Amon,New Zealand,"[1963, 1964, 1965, 1966, 1967, 1968, 1969, 1970, 1971, 1972, 1973, 1974, 1975, 1976]",0,0,11,83
Bob Anderson,United Kingdom,"[1963, 1964, 1965, 1966, 1967]",0,0,1,8
Conny Andersson,Sweden,"[1976, 1977]",0,0,0,0
Emil Andres,United States,[1950],0,0,0,0
Mario Andretti,United States,"[1968, 1969, 1970, 1971, 1972, 1974, 1975, 1976, 1977, 1978, 1979, 1980, 1981, 1982]",1,12,19,180
Michael Andretti,United States,[1993],0,0,1,7
Keith Andrews,United States,"[1955, 1956]",0,0,0,0
Elio de Angelis,Italy,"[1979, 1980, 1981, 1982, 1983, 1984, 1985, 1986]",0,2,9,122
Marco Apicella,Italy,[1993],0,0,0,0
Mário de Araújo Cabral,Portugal,"[1959, 1960, 1963, 1964]",0,0,0,0
Frank Armi,United States,[1954],0,0,0,0
Chuck Arnold,United States,[1959],0,0,0,0
René Arnoux,France,"[1978, 1979, 1980, 1981, 1982, 1983, 1984, 1985, 1986, 1987, 1988, 1989]",0,7,22,181
Peter Arundell,United Kingdom,"[1963, 1964, 1966]",0,0,2,12
Alberto Ascari,Italy,"[1950, 1951, 1952, 1953, 1954, 1955]",2,13,17,107.64
Peter Ashdown,United Kingdom,[1959],0,0,0,0
Ian Ashley,United Kingdom,"[1974, 1975, 1976, 1977]",0,0,0,0
Gerry Ashmore,United Kingdom,"[1961, 1962]",0,0,0,0
Bill Aston,United Kingdom,[1952],0,0,0,0
Richard Attwood,United Kingdom,"[1964, 1965, 1967, 1968, 1969]",0,0,1,11
Manny Ayulo,United States,"[1951, 1952, 1953, 1954]",0,0,1,2
Luca Badoer,Italy,"[1993, 1995, 1996, 1999, 2009]",0,0,0,0
Giancarlo Baghetti,Italy,"[1961, 1962, 1963, 1964, 1965, 1966, 1967]",0,1,1,14
Julian Bailey,United Kingdom,"[1988, 1991]",0,0,0,1
Mauro Baldi,Italy,"[1982, 1983, 1984, 1985]",0,0,0,5
Bobby Ball,United States,"[1951, 1952]",0,0,0,2
Marcel Balsa,France,[1952],0,0,0,0
Lorenzo Bandini,Italy,"[1961, 1962, 1963, 1964, 1965, 1966, 1967]",0,1,8,58
Henry Banks,United States,"[1950, 1951, 1952]",0,0,0,0
Fabrizio Barbazza,Italy,"[1991, 1993]",0,0,0,2
John Barber,United Kingdom,[1953],0,0,0,0
Skip Barber,United States,"[1971, 1972]",0,0,0,0
Paolo Barilla,Italy,"[1989, 1990]",0,0,0,0
Rubens Barrichello,Brazil,"[1993, 1994, 1995, 1996, 1997, 1998, 1999, 2000, 2001, 2002, 2003, 2004, 2005, 2006, 2007, 2008, 2009, 2010, 2011]",0,11,68,658
Michael Bartels,Germany,[1991],0,0,0,0
Edgar Barth,"East Germany, West Germany","[1953, 1957, 1958, 1960, 1961, 1964]",0,0,0,0
Giorgio Bassi,Italy,[1965],0,0,0,0
Erwin Bauer,West Germany,[1953],0,0,0,0
Zsolt Baumgartner,Hungary,"[2003, 2004]",0,0,0,1
Élie Bayol,France,"[1952, 1953, 1954, 1955, 1956]",0,0,0,2
Don Beauman,United Kingdom,[1954],0,0,0,0
Karl-Günther Bechem[g],West Germany,"[1952, 1953]",0,0,0,0
Jean Behra,France,"[1952, 1953, 1954, 1955, 1956, 1957, 1958, 1959]",0,0,9,51.14
Derek Bell,United Kingdom,"[1968, 1969, 1970, 1971, 1972, 1974]",0,0,0,1
Stefan Bellof,West Germany,"[1984, 1985]",0,0,0,4
Paul Belmondo,France,"[1992, 1994]",0,0,0,0
Tom Belsø,Denmark,"[1973, 1974]",0,0,0,0
Jean-Pierre Beltoise,France,"[1967, 1968, 1969, 1970, 1971, 1972, 1973, 1974]",0,1,8,77
Olivier Beretta,Monaco,[1994],0,0,0,0
Allen Berg,Canada,[1986],0,0,0,0
Georges Berger,Belgium,"[1953, 1954]",0,0,0,0
Gerhard Berger,Austria,"[1984, 1985, 1986, 1987, 1988, 1989, 1990, 1991, 1992, 1993, 1994, 1995, 1996, 1997]",0,10,48,385
Éric Bernard,France,"[1989, 1990, 1991, 1994]",0,0,1,10
Enrique Bernoldi,Brazil,"[2001, 2002]",0,0,0,0
Enrico Bertaggia,Italy,[1989],0,0,0,0
Tony Bettenhausen,United States,"[1950, 1951, 1952, 1953, 1954, 1955, 1956, 1957, 1958, 1959, 1960]",0,0,1,11
Mike Beuttler,United Kingdom,"[1971, 1972, 1973]",0,0,0,0
Birabongse Bhanudej,Thailand,"[1950, 1951, 1952, 1953, 1954]",0,0,0,8
Jules Bianchi,France,"[2013, 2014]",0,0,0,2
Lucien Bianchi,Belgium,"[1959, 1960, 1961, 1962, 1963, 1965, 1968]",0,0,1,6
Gino Bianco,Brazil,[1952],0,0,0,0
Hans Binder,Austria,"[1976, 1977, 1978]",0,0,0,0
Clemente Biondetti,Italy,[1950],0,0,0,0
Pablo Birger,Argentina,"[1953, 1955]",0,0,0,0
Art Bisch,United States,[1958],0,0,0,0
Harry Blanchard,United States,[1959],0,0,0,0
Michael Bleekemolen,Netherlands,"[1977, 1978]",0,0,0,0
Alex Blignaut,South Africa,[1965],0,0,0,0
Trevor Blokdyk,South Africa,"[1963, 1965]",0,0,0,0
Mark Blundell,United Kingdom,"[1991, 1993, 1994, 1995]",0,0,3,32
Raul Boesel,Brazil,"[1982, 1983]",0,0,0,0
Menato Boffa,Italy,[1961],0,0,0,0
Bob Bondurant,United States,"[1965, 1966]",0,0,0,3
Felice Bonetto,Italy,"[1950, 1951, 1952, 1953]",0,0,2,17.5
Jo Bonnier,Sweden,"[1956, 1957, 1958, 1959, 1960, 1961, 1962, 1963, 1964, 1965, 1966, 1967, 1968, 1969, 1970, 1971]",0,1,1,39
Roberto Bonomi,Argentina,[1960],0,0,0,0
Juan Manuel Bordeu,Argentina,[1961],0,0,0,0
Slim Borgudd,Sweden,"[1981, 1982]",0,0,0,1
Luki Botha,South Africa,[1967],0,0,0,0
Valtteri Bottas,Finland,"[2013, 2014, 2015, 2016, 2017, 2018, 2019, 2020, 2021, 2022]",0,10,67,1791
Jean-Christophe Boullion,France,[1995],0,0,0,3
Sébastien Bourdais,France,"[2008, 2009]",0,0,0,6
Thierry Boutsen,Belgium,"[1983, 1984, 1985, 1986, 1987, 1988, 1989, 1990, 1991, 1992, 1993]",0,3,15,132
Johnny Boyd,United States,"[1955, 1956, 1957, 1958, 1959, 1960]",0,0,1,4
David Brabham,Australia,"[1990, 1994]",0,0,0,0
Gary Brabham,Australia,[1990],0,0,0,0
Jack Brabham,Australia,"[1955, 1956, 1957, 1958, 1959, 1960, 1961, 1962, 1963, 1964, 1965, 1966, 1967, 1968, 1969, 1970]",3,14,31,253
Bill Brack,Canada,"[1968, 1969, 1972]",0,0,0,0
Ernesto Brambilla,Italy,"[1963, 1969]",0,0,0,0
Vittorio Brambilla,Italy,"[1974, 1975, 1976, 1977, 1978, 1979, 1980]",0,1,1,15.5
Toni Branca,Switzerland,"[1950, 1951]",0,0,0,0
Gianfranco Brancatelli,Italy,[1979],0,0,0,0
Eric Brandon,United Kingdom,"[1952, 1954]",0,0,0,0
Don Branson,United States,"[1959, 1960]",0,0,0,3
Tom Bridger,United Kingdom,[1958],0,0,0,0
Tony Brise,United Kingdom,[1975],0,0,0,1
Chris Bristow,United Kingdom,"[1959, 1960]",0,0,0,0
Peter Broeker,Canada,[1963],0,0,0,0
Tony Brooks,United Kingdom,"[1956, 1957, 1958, 1959, 1960, 1961]",0,6,10,75
Alan Brown,United Kingdom,"[1952, 1953, 1954]",0,0,0,2
Walt Brown,United States,"[1950, 1951]",0,0,0,0
Warwick Brown,Australia,[1976],0,0,0,0
Adolf Brudes,West Germany,[1952],0,0,0,0
Martin Brundle,United Kingdom,"[1984, 1985, 1986, 1987, 1988, 1989, 1991, 1992, 1993, 1994, 1995, 1996]",0,0,9,98
Gianmaria Bruni,Italy,[2004],0,0,0,0
Jimmy Bryan,United States,"[1952, 1953, 1954, 1955, 1956, 1957, 1958, 1959, 1960]",0,1,3,18
Clemar Bucci,Argentina,"[1954, 1955]",0,0,0,0
Ronnie Bucknum,United States,"[1964, 1965, 1966]",0,0,0,2
Ivor Bueb,United Kingdom,"[1957, 1958, 1959]",0,0,0,0
Sébastien Buemi,Switzerland,"[2009, 2010, 2011]",0,0,0,29
Luiz Bueno,Brazil,[1973],0,0,0,0
Ian Burgess,United Kingdom,"[1958, 1959, 1960, 1961, 1962, 1963]",0,0,0,0
Luciano Burti,Brazil,"[2000, 2001]",0,0,0,0
Roberto Bussinello,Italy,"[1961, 1965]",0,0,0,0
Jenson Button,United Kingdom,"[2000, 2001, 2002, 2003, 2004, 2005, 2006, 2007, 2008, 2009, 2010, 2011, 2012, 2013, 2014, 2015, 2016, 2017]",1,15,50,1235
Tommy Byrne,Ireland,[1982],0,0,0,0
Giulio Cabianca,Italy,"[1958, 1959, 1960]",0,0,0,3
Phil Cade,United States,[1959],0,0,0,0
Alex Caffi,Italy,"[1986, 1987, 1988, 1989, 1990, 1991]",0,0,0,6
John Campbell-Jones,United Kingdom,"[1962, 1963]",0,0,0,0
Adrián Campos,Spain,"[1987, 1988]",0,0,0,0
John Cannon,Canada,[1971],0,0,0,0
Eitel Cantoni,Uruguay,[1952],0,0,0,0
Bill Cantrell,United States,[1950],0,0,0,0
Ivan Capelli,Italy,"[1985, 1986, 1987, 1988, 1989, 1990, 1991, 1992, 1993]",0,0,3,31
Piero Carini,Italy,"[1952, 1953]",0,0,0,0
Duane Carter,United States,"[1950, 1951, 1952, 1953, 1954, 1955, 1959, 1960]",0,0,1,6.5
Eugenio Castellotti,Italy,"[1955, 1956, 1957]",0,0,3,19.5
Johnny Cecotto,Venezuela,"[1983, 1984]",0,0,0,1
Andrea de Cesaris,Italy,"[1980, 1981, 1982, 1983, 1984, 1985, 1986, 1987, 1988, 1989, 1990, 1991, 1992, 1993, 1994]",0,0,5,59
François Cevert,France,"[1970, 1971, 1972, 1973]",0,1,13,89
Eugène Chaboud,France,"[1950, 1951]",0,0,0,1
Jay Chamberlain,United States,[1962],0,0,0,0
Karun Chandhok,India,"[2010, 2011]",0,0,0,0
Alain de Changy,Belgium,[1959],0,0,0,0
Colin Chapman,United Kingdom,[1956],0,0,0,0
Dave Charlton,South Africa,"[1965, 1967, 1968, 1970, 1971, 1972, 1973, 1974, 1975]",0,0,0,0
Pedro Chaves,Portugal,[1991],0,0,0,0
Bill Cheesbourg,United States,"[1957, 1958, 1959]",0,0,0,0
Eddie Cheever,United States,"[1978, 1980, 1981, 1982, 1983, 1984, 1985, 1986, 1987, 1988, 1989]",0,0,9,70
Andrea Chiesa,Switzerland,[1992],0,0,0,0
Max Chilton,United Kingdom,"[2013, 2014]",0,0,0,0
Ettore Chimeri,Venezuela,[1960],0,0,0,0
Louis Chiron,Monaco,"[1950, 1951, 1953, 1955, 1956, 1958]",0,0,1,4
Joie Chitwood,United States,[1950],0,0,0,1
Bob Christie,United States,"[1956, 1957, 1958, 1959, 1960]",0,0,0,0
Johnny Claes,Belgium,"[1950, 1951, 1952, 1953, 1955]",0,0,0,0
David Clapham,South Africa,[1965],0,0,0,0
Jim Clark,United Kingdom,"[1960, 1961, 1962, 1963, 1964, 1965, 1966, 1967, 1968]",2,25,32,255
Kevin Cogan,United States,"[1980, 1981]",0,0,0,0
Peter Collins,United Kingdom,"[1952, 1953, 1954, 1955, 1956, 1957, 1958]",0,3,9,47
Bernard Collomb,France,"[1961, 1962, 1963, 1964]",0,0,0,0
Alberto Colombo,Italy,[1978],0,0,0,0
Érik Comas,France,"[1991, 1992, 1993, 1994]",0,0,0,7
Franco Comotti,Italy,"[1950, 1952]",0,0,0,0
George Connor,United States,"[1950, 1951, 1952]",0,0,0,0
George Constantine,United States,[1959],0,0,0,0
John Cordts,Canada,[1969],0,0,0,0
David Coulthard,United Kingdom,"[1994, 1995, 1996, 1997, 1998, 1999, 2000, 2001, 2002, 2003, 2004, 2005, 2006, 2007, 2008]",0,13,62,535
Piers Courage,United Kingdom,"[1967, 1968, 1969, 1970]",0,0,2,20
Chris Craft,United Kingdom,[1971],0,0,0,0
Jim Crawford,United Kingdom,[1975],0,0,0,0
Ray Crawford,United States,"[1955, 1956, 1959]",0,0,0,0
Alberto Crespo,Argentina,[1952],0,0,0,0
Antonio Creus,Spain,[1960],0,0,0,0
Larry Crockett,United States,[1954],0,0,0,0
Tony Crook,United Kingdom,"[1952, 1953]",0,0,0,0
Art Cross,United States,"[1952, 1953, 1954, 1955]",0,0,1,8
Geoffrey Crossley,United Kingdom,[1950],0,0,0,0
Jérôme d'Ambrosio,Belgium,"[2011, 2012]",0,0,0,0
Chuck Daigh,United States,[1960],0,0,0,0
Yannick Dalmas,France,"[1987, 1988, 1989, 1990, 1994]",0,0,0,0
Derek Daly,Ireland,"[1978, 1979, 1980, 1981, 1982]",0,0,0,15
Christian Danner,West Germany,"[1985, 1986, 1987, 1989]",0,0,0,4
Jorge Daponte,Argentina,[1954],0,0,0,0
Anthony Davidson,United Kingdom,"[2002, 2005, 2007, 2008]",0,0,0,0
Jimmy Davies,United States,"[1950, 1951, 1953, 1954, 1955]",0,0,1,4
Colin Davis,United Kingdom,[1959],0,0,0,0
Jimmy Daywalt,United States,"[1953, 1954, 1955, 1956, 1957, 1959]",0,0,0,0
Jean-Denis Délétraz,Switzerland,"[1994, 1995]",0,0,0,0
Patrick Depailler,France,"[1972, 1974, 1975, 1976, 1977, 1978, 1979, 1980]",0,2,19,139
Pedro Diniz,Brazil,"[1995, 1996, 1997, 1998, 1999, 2000]",0,0,0,10
Duke Dinsmore,United States,"[1950, 1951, 1953, 1956]",0,0,0,0
Frank Dochnal,United States,[1963],0,0,0,0
José Dolhem,France,[1974],0,0,0,0
Martin Donnelly,United Kingdom,"[1989, 1990]",0,0,0,0
Mark Donohue,United States,"[1971, 1974, 1975]",0,0,1,8
Robert Doornbos,Monaco Netherlands,"[2005, 2006]",0,0,0,0
Ken Downing,United Kingdom,[1952],0,0,0,0
Bob Drake,United States,[1960],0,0,0,0
Paddy Driver,South Africa,"[1963, 1974]",0,0,0,0
Piero Drogo,Italy,[1960],0,0,0,0
Bernard de Dryver,Belgium,"[1977, 1978]",0,0,0,0
Johnny Dumfries,United Kingdom,[1986],0,0,0,3
Geoff Duke,United Kingdom,[1961],0,0,0,0
Len Duncan,United States,[1954],0,0,0,0
Piero Dusio,Italy,[1952],0,0,0,0
George Eaton,Canada,"[1969, 1970, 1971]",0,0,0,0
Bernie Ecclestone,United Kingdom,[1958],0,0,0,0
Don Edmunds,United States,[1957],0,0,0,0
Guy Edwards,United Kingdom,"[1974, 1976, 1977]",0,0,0,0
Vic Elford,United Kingdom,"[1968, 1969, 1971]",0,0,0,8
Ed Elisian,United States,"[1954, 1955, 1956, 1957, 1958]",0,0,0,0
Paul Emery,United Kingdom,"[1956, 1958]",0,0,0,0
Tomáš Enge,Czech Republic,[2001],0,0,0,0
Paul England,Australia,[1957],0,0,0,0
Marcus Ericsson,Sweden,"[2014, 2015, 2016, 2017, 2018]",0,0,0,18
Harald Ertl,Austria,"[1975, 1976, 1977, 1978, 1980]",0,0,0,0
Nasif Estéfano,Argentina,"[1960, 1962]",0,0,0,0
Philippe Étancelin,France,"[1950, 1951, 1952]",0,0,0,3
Bob Evans,United Kingdom,"[1975, 1976]",0,0,0,0
Corrado Fabi,Italy,"[1983, 1984]",0,0,0,0
Teo Fabi,Italy,"[1982, 1984, 1985, 1986, 1987]",0,0,2,23
Pascal Fabre,France,[1987],0,0,0,0
Carlo Facetti,Italy,[1974],0,0,0,0
Luigi Fagioli,Italy,"[1950, 1951]",0,1,6,28
Jack Fairman,United Kingdom,"[1953, 1955, 1956, 1957, 1958, 1959, 1960, 1961]",0,0,0,5
Juan Manuel Fangio,Argentina,"[1950, 1951, 1953, 1954, 1955, 1956, 1957, 1958]",5,24,35,245
Nino Farina,Italy,"[1950, 1951, 1952, 1953, 1954, 1955]",1,5,20,115.33
Walt Faulkner,United States,"[1950, 1951, 1953, 1954, 1955]",0,0,0,1
William Ferguson,South Africa,[1972],0,0,0,0
Maria Teresa de Filippis,Italy,"[1958, 1959]",0,0,0,0
Ralph Firman,Ireland,[2003],0,0,0,1
Ludwig Fischer,West Germany,[1952],0,0,0,0
Rudi Fischer,Switzerland,"[1951, 1952]",0,0,2,10
Mike Fisher,United States,[1967],0,0,0,0
Giancarlo Fisichella,Italy,"[1996, 1997, 1998, 1999, 2000, 2001, 2002, 2003, 2004, 2005, 2006, 2007, 2008, 2009]",0,3,19,275
John Fitch,United States,"[1953, 1955]",0,0,0,0
Christian Fittipaldi,Brazil,"[1992, 1993, 1994]",0,0,0,12
Emerson Fittipaldi,Brazil,"[1970, 1971, 1972, 1973, 1974, 1975, 1976, 1977, 1978, 1979, 1980]",2,14,35,281
Pietro Fittipaldi,Brazil,[2020],0,0,0,0
Wilson Fittipaldi,Brazil,"[1972, 1973, 1975]",0,0,0,3
Theo Fitzau,East Germany,[1953],0,0,0,0
Pat Flaherty,United States,"[1950, 1953, 1954, 1955, 1956, 1959]",0,1,1,8
Jan Flinterman,Netherlands,[1952],0,0,0,0
Ron Flockhart,United Kingdom,"[1954, 1956, 1957, 1958, 1959, 1960]",0,0,1,5
Myron Fohr,United States,[1950],0,0,0,0
Gregor Foitek,Switzerland,"[1989, 1990]",0,0,0,0
George Follmer,United States,[1973],0,0,1,5
George Fonder,United States,"[1952, 1954]",0,0,0,0
Norberto Fontana,Argentina,[1997],0,0,0,0
Asdrúbal Fontes Bayardo,Uruguay,[1959],0,0,0,0
Carl Forberg,United States,[1951],0,0,0,0
Gene Force,United States,"[1951, 1960]",0,0,0,0
Franco Forini,Switzerland,[1987],0,0,0,0
Philip Fotheringham-Parker,United Kingdom,[1951],0,0,0,0
A. J. Foyt,United States,"[1958, 1959, 1960]",0,0,0,0
Giorgio Francia,Italy,"[1977, 1981]",0,0,0,0
Don Freeland,United States,"[1953, 1954, 1955, 1956, 1957, 1958, 1959, 1960]",0,0,1,4
Heinz-Harald Frentzen,Germany,"[1994, 1995, 1996, 1997, 1998, 1999, 2000, 2001, 2002, 2003]",0,3,18,174
Paul Frère,Belgium,"[1952, 1953, 1954, 1955, 1956]",0,0,1,11
Patrick Friesacher,Austria,[2005],0,0,0,3
Joe Fry,United Kingdom,[1950],0,0,0,0
Hiroshi Fushida,Japan,[1975],0,0,0,0
Beppe Gabbiani,Italy,"[1978, 1981]",0,0,0,0
Bertrand Gachot,Belgium France,"[1989, 1990, 1991, 1992, 1994, 1995]",0,0,0,5
Patrick Gaillard,France,[1979],0,0,0,0
Divina Galica,United Kingdom,"[1976, 1978]",0,0,0,0
Nanni Galli,Italy,"[1970, 1971, 1972, 1973]",0,0,0,0
Oscar Alfredo Gálvez,Argentina,[1953],0,0,0,2
Fred Gamble,United States,[1960],0,0,0,0
Howden Ganley,New Zealand,"[1971, 1972, 1973, 1974]",0,0,0,10
Giedo van der Garde,Netherlands,[2013],0,0,0,0
Frank Gardner,Australia,"[1964, 1965, 1968]",0,0,0,0
Billy Garrett,United States,"[1956, 1958]",0,0,0,0
Jo Gartner,Austria,[1984],0,0,0,0
Pierre Gasly,France,"[2017, 2018, 2019, 2020, 2021, 2022]",0,1,3,334
Tony Gaze,Australia,[1952],0,0,0,0
Geki,Italy,"[1964, 1965, 1966]",0,0,0,0
Olivier Gendebien,Belgium,"[1956, 1958, 1959, 1960, 1961]",0,0,2,18
Marc Gené,Spain,"[1999, 2000, 2003, 2004]",0,0,0,5
Elmer George,United States,[1957],0,0,0,0
Bob Gerard,United Kingdom,"[1950, 1951, 1953, 1954, 1956, 1957]",0,0,0,0
Gerino Gerini,Italy,"[1956, 1958]",0,0,0,1.5
Peter Gethin,United Kingdom,"[1970, 1971, 1972, 1973, 1974]",0,1,1,11
Piercarlo Ghinzani,Italy,"[1981, 1983, 1984, 1985, 1986, 1987, 1988, 1989]",0,0,0,2
Bruno Giacomelli,Italy,"[1977, 1978, 1979, 1980, 1981, 1982, 1983, 1990]",0,0,1,14
Dick Gibson,United Kingdom,"[1957, 1958]",0,0,0,0
Gimax,Italy,[1978],0,0,0,0
Richie Ginther,United States,"[1960, 1961, 1962, 1963, 1964, 1965, 1966, 1967]",0,1,14,102
Antonio Giovinazzi,Italy,"[2017, 2019, 2020, 2021]",0,0,0,21
Yves Giraud-Cabantous,France,"[1950, 1951, 1952, 1953]",0,0,0,5
Ignazio Giunti,Italy,[1970],0,0,0,3
Timo Glock,Germany,"[2004, 2008, 2009, 2010, 2011, 2012]",0,0,3,51
Helm Glöckler,West Germany,[1953],0,0,0,0
Paco Godia,Spain,"[1951, 1954, 1956, 1957, 1958]",0,0,0,6
Carel Godin de Beaufort,Netherlands,"[1957, 1958, 1959, 1960, 1961, 1962, 1963, 1964]",0,0,0,4
Christian Goethals,Belgium,[1958],0,0,0,0
Paul Goldsmith,United States,"[1958, 1959, 1960]",0,0,1,6
José Froilán González,Argentina,"[1950, 1951, 1952, 1953, 1954, 1955, 1956, 1957, 1960]",0,2,15,72.14
Óscar González,Uruguay,[1956],0,0,0,0
Aldo Gordini,France,[1951],0,0,0,0
Horace Gould,United Kingdom,"[1954, 1955, 1956, 1957, 1958, 1960]",0,0,0,2
Jean-Marc Gounon,France,"[1993, 1994]",0,0,0,0
Emmanuel de Graffenried,Switzerland,"[1950, 1951, 1952, 1953, 1954, 1956]",0,0,0,9
Lucas di Grassi,Brazil,[2010],0,0,0,0
Cecil Green,United States,"[1950, 1951]",0,0,0,3
Keith Greene,United Kingdom,"[1959, 1960, 1961, 1962]",0,0,0,0
Masten Gregory,United States,"[1957, 1958, 1959, 1960, 1961, 1962, 1963, 1965]",0,0,3,21
Cliff Griffith,United States,"[1951, 1952, 1956]",0,0,0,0
Georges Grignard,France,[1951],0,0,0,0
Bobby Grim,United States,"[1959, 1960]",0,0,0,0
Romain Grosjean,France,"[2009, 2012, 2013, 2014, 2015, 2016, 2017, 2018, 2019, 2020]",0,0,10,391
Olivier Grouillard,France,"[1989, 1990, 1991, 1992]",0,0,0,1
Brian Gubby,United Kingdom,[1965],0,0,0,0
André Guelfi,France,[1958],0,0,0,0
Miguel Ángel Guerra,Argentina,[1981],0,0,0,0
Roberto Guerrero,Colombia,"[1982, 1983]",0,0,0,0
Maurício Gugelmin,Brazil,"[1988, 1989, 1990, 1991, 1992]",0,0,1,10
Dan Gurney,United States,"[1959, 1960, 1961, 1962, 1963, 1964, 1965, 1966, 1967, 1968, 1970]",0,4,19,133
Esteban Gutiérrez,Mexico,"[2013, 2014, 2016]",0,0,0,6
Hubert Hahne,West Germany,"[1967, 1968, 1970]",0,0,0,0
Mike Hailwood,United Kingdom,"[1963, 1964, 1965, 1971, 1972, 1973, 1974]",0,0,2,29
Mika Häkkinen,Finland,"[1991, 1992, 1993, 1994, 1995, 1996, 1997, 1998, 1999, 2000, 2001]",2,20,51,420
Bruce Halford,United Kingdom,"[1956, 1957, 1959, 1960]",0,0,0,0
Jim Hall,United States,"[1960, 1961, 1962, 1963]",0,0,0,3
Duncan Hamilton,United Kingdom,"[1951, 1952, 1953]",0,0,0,0
Lewis Hamilton,United Kingdom,"[2007, 2008, 2009, 2010, 2011, 2012, 2013, 2014, 2015, 2016, 2017, 2018, 2019, 2020, 2021, 2022]",7,103,191,4415.5
David Hampshire,United Kingdom,[1950],0,0,0,0
Sam Hanks,United States,"[1950, 1951, 1952, 1953, 1954, 1955, 1956, 1957]",0,1,4,20
Walt Hansgen,United States,"[1961, 1964]",0,0,0,2
Mike Harris,South Africa,[1962],0,0,0,0
Cuth Harrison,United Kingdom,[1950],0,0,0,0
Brian Hart,United Kingdom,[1967],0,0,0,0
Brendon Hartley,New Zealand,"[2017, 2018]",0,0,0,4
Gene Hartley,United States,"[1950, 1952, 1953, 1954, 1955, 1956, 1957, 1958, 1959, 1960]",0,0,0,0
Rio Haryanto,Indonesia,[2016],0,0,0,0
Masahiro Hasemi,Japan,[1976],0,0,0,0
Naoki Hattori,Japan,[1991],0,0,0,0
Paul Hawkins,Australia,[1965],0,0,0,0
Mike Hawthorn,United Kingdom,"[1952, 1953, 1954, 1955, 1956, 1957, 1958]",1,3,18,112.64
Boy Hayje,Netherlands,"[1976, 1977]",0,0,0,0
Willi Heeks,West Germany,"[1952, 1953]",0,0,0,0
Nick Heidfeld,Germany,"[2000, 2001, 2002, 2003, 2004, 2005, 2006, 2007, 2008, 2009, 2010, 2011]",0,0,13,259
Theo Helfrich,West Germany,"[1952, 1953, 1954]",0,0,0,0
Mack Hellings,United States,"[1950, 1951]",0,0,0,0
Brian Henton,United Kingdom,"[1975, 1977, 1981, 1982]",0,0,0,0
Johnny Herbert,United Kingdom,"[1989, 1990, 1991, 1992, 1993, 1994, 1995, 1996, 1997, 1998, 1999, 2000]",0,3,7,98
Al Herman,United States,"[1955, 1956, 1957, 1959, 1960]",0,0,0,0
Hans Herrmann,West Germany,"[1953, 1954, 1955, 1957, 1958, 1959, 1960, 1961]",0,0,1,10
François Hesnault,France,"[1984, 1985]",0,0,0,0
Hans Heyer,West Germany,[1977],0,0,0,0
Damon Hill,United Kingdom,"[1992, 1993, 1994, 1995, 1996, 1997, 1998, 1999]",1,22,42,360
Graham Hill,United Kingdom,"[1958, 1959, 1960, 1961, 1962, 1963, 1964, 1965, 1966, 1967, 1968, 1969, 1970, 1971, 1972, 1973, 1974, 1975]",2,14,36,270
Phil Hill,United States,"[1958, 1959, 1960, 1961, 1962, 1963, 1964, 1966]",1,3,16,94
Peter Hirt,Switzerland,"[1951, 1952, 1953]",0,0,0,0
David Hobbs,United Kingdom,"[1967, 1968, 1971, 1974]",0,0,0,0
Gary Hocking,Rhodesia and Nyasaland,[1962],0,0,0,0
Ingo Hoffmann,Brazil,"[1976, 1977]",0,0,0,0
Bill Holland,United States,"[1950, 1953]",0,0,1,6
Jackie Holmes,United States,"[1950, 1953]",0,0,0,0
Bill Homeier,United States,"[1954, 1955, 1960]",0,0,0,1
Kazuyoshi Hoshino,Japan,"[1976, 1977]",0,0,0,0
Jerry Hoyt,United States,"[1950, 1953, 1954, 1955]",0,0,0,0
Nico Hülkenberg,Germany,"[2010, 2012, 2013, 2014, 2015, 2016, 2017, 2018, 2019, 2020, 2022]",0,0,0,521
Denny Hulme,New Zealand,"[1965, 1966, 1967, 1968, 1969, 1970, 1971, 1972, 1973, 1974]",1,8,33,248
James Hunt,United Kingdom,"[1973, 1974, 1975, 1976, 1977, 1978, 1979]",1,10,23,179
Jim Hurtubise,United States,[1960],0,0,0,0
Gus Hutchison,United States,[1970],0,0,0,0
Jacky Ickx,Belgium,"[1967, 1968, 1969, 1970, 1971, 1972, 1973, 1974, 1975, 1976, 1977, 1978, 1979]",0,8,25,181
Yuji Ide,Japan,[2006],0,0,0,0
Jesús Iglesias,Argentina,[1955],0,0,0,0
Taki Inoue,Japan,"[1994, 1995]",0,0,0,0
Innes Ireland,United Kingdom,"[1959, 1960, 1961, 1962, 1963, 1964, 1965, 1966]",0,1,4,47
Eddie Irvine,United Kingdom,"[1993, 1994, 1995, 1996, 1997, 1998, 1999, 2000, 2001, 2002]",0,4,26,191
Chris Irwin,United Kingdom,"[1966, 1967]",0,0,0,2
Jean-Pierre Jabouille,France,"[1974, 1975, 1977, 1978, 1979, 1980, 1981]",0,2,2,21
Jimmy Jackson,United States,"[1950, 1954]",0,0,0,0
Joe James,United States,"[1951, 1952]",0,0,0,0
John James,United Kingdom,[1951],0,0,0,0
Jean-Pierre Jarier,France,"[1971, 1973, 1974, 1975, 1976, 1977, 1978, 1979, 1980, 1981, 1982, 1983]",0,0,3,31.5
Max Jean[w],France,[1971],0,0,0,0
Stefan Johansson,Sweden,"[1980, 1983, 1984, 1985, 1986, 1987, 1988, 1989, 1990, 1991]",0,0,12,88
Eddie Johnson,United States,"[1952, 1953, 1954, 1955, 1956, 1957, 1958, 1959, 1960]",0,0,0,1
Leslie Johnson,United Kingdom,[1950],0,0,0,0
Bruce Johnstone,South Africa,[1962],0,0,0,0
Alan Jones,Australia,"[1975, 1976, 1977, 1978, 1979, 1980, 1981, 1983, 1985, 1986]",1,12,24,199
Tom Jones,United States,[1967],0,0,0,0
Juan Jover,Spain,[1951],0,0,0,0
Oswald Karch,West Germany,[1953],0,0,0,0
Narain Karthikeyan,India,"[2005, 2011, 2012]",0,0,0,5
Ukyo Katayama,Japan,"[1992, 1993, 1994, 1995, 1996, 1997]",0,0,0,5
Ken Kavanagh,Australia,[1958],0,0,0,0
Rupert Keegan,United Kingdom,"[1977, 1978, 1980, 1982]",0,0,0,0
Eddie Keizan,South Africa,"[1973, 1974, 1975]",0,0,0,0
Al Keller,United States,"[1955, 1956, 1957, 1958, 1959]",0,0,0,0
Joe Kelly,Ireland,"[1950, 1951]",0,0,0,0
David Kennedy,Ireland,[1980],0,0,0,0
Loris Kessel,Switzerland,"[1976, 1977]",0,0,0,0
Bruce Kessler,United States,[1958],0,0,0,0
Nicolas Kiesa,Denmark,[2003],0,0,0,0
Leo Kinnunen,Finland,[1974],0,0,0,0
Danny Kladis,United States,[1954],0,0,0,0
Hans Klenk,West Germany,[1952],0,0,0,0
Peter de Klerk,South Africa,"[1963, 1965, 1969, 1970]",0,0,0,0
Christian Klien,Austria,"[2004, 2005, 2006, 2010]",0,0,0,14
Karl Kling,West Germany,"[1954, 1955]",0,0,2,17
Ernst Klodwig,East Germany,"[1952, 1953]",0,0,0,0
Kamui Kobayashi,Japan,"[2009, 2010, 2011, 2012, 2014]",0,0,1,125
Helmuth Koinigg,Austria,[1974],0,0,0,0
Heikki Kovalainen,Finland,"[2007, 2008, 2009, 2010, 2011, 2012, 2013]",0,1,4,105
Mikko Kozarowitzky,Finland,[1977],0,0,0,0
Willi Krakau,West Germany,[1952],0,0,0,0
Rudolf Krause,East Germany,"[1952, 1953]",0,0,0,0
Robert Kubica,Poland,"[2006, 2007, 2008, 2009, 2010, 2019, 2021]",0,1,12,274
Kurt Kuhnke,West Germany,[1963],0,0,0,0
Masami Kuwashima,Japan,[1976],0,0,0,0
Daniil Kvyat,Russia,"[2014, 2015, 2016, 2017, 2019, 2020]",0,0,3,202
Robert La Caze,Morocco,[1958],0,0,0,0
Jacques Laffite,France,"[1974, 1975, 1976, 1977, 1978, 1979, 1980, 1981, 1982, 1983, 1984, 1985, 1986]",0,6,32,228
Franck Lagorce,France,[1994],0,0,0,0
Jan Lammers,Netherlands,"[1979, 1980, 1981, 1982, 1992]",0,0,0,0
Pedro Lamy,Portugal,"[1993, 1994, 1995, 1996]",0,0,0,1
Chico Landi,Brazil,"[1951, 1952, 1953, 1956]",0,0,0,1.5
Hermann Lang,West Germany,"[1953, 1954]",0,0,0,2
Claudio Langes,Italy,[1990],0,0,0,0
Nicola Larini,Italy,"[1987, 1988, 1989, 1990, 1991, 1992, 1994, 1997]",0,0,1,7
Oscar Larrauri,Argentina,"[1988, 1989]",0,0,0,0
Gérard Larrousse,France,[1974],0,0,0,0
Jud Larson,United States,"[1958, 1959]",0,0,0,0
Nicholas Latifi,Canada,"[2020, 2021, 2022]",0,0,0,9
Niki Lauda,Austria,"[1971, 1972, 1973, 1974, 1975, 1976, 1977, 1978, 1979, 1982, 1983, 1984, 1985]",3,25,54,420.5
Roger Laurent,Belgium,[1952],0,0,0,0
Giovanni Lavaggi,Italy,"[1995, 1996]",0,0,0,0
Chris Lawrence,United Kingdom,[1966],0,0,0,0
Charles Leclerc,Monaco,"[2018, 2019, 2020, 2021, 2022]",0,5,24,868
Michel Leclère,France,"[1975, 1976]",0,0,0,0
Neville Lederle,South Africa,"[1962, 1965]",0,0,0,1
Geoff Lees,United Kingdom,"[1978, 1979, 1980, 1982]",0,0,0,0
Gijs van Lennep,Netherlands,"[1971, 1973, 1974, 1975]",0,0,0,2
Arthur Legat,Belgium,"[1952, 1953]",0,0,0,0
JJ Lehto,Finland,"[1989, 1990, 1991, 1992, 1993, 1994]",0,0,1,10
Lamberto Leoni,Italy,"[1977, 1978]",0,0,0,0
Les Leston,United Kingdom,"[1956, 1957]",0,0,0,0
Pierre Levegh,France,"[1950, 1951]",0,0,0,0
Bayliss Levrett,United States,[1950],0,0,0,0
Jackie Lewis,United Kingdom,"[1961, 1962]",0,0,0,3
Stuart Lewis-Evans,United Kingdom,"[1957, 1958]",0,0,2,16
Guy Ligier,France,"[1966, 1967]",0,0,0,1
Andy Linden,United States,"[1951, 1952, 1953, 1954, 1955, 1956, 1957]",0,0,0,5
Roberto Lippi,Italy,"[1961, 1962, 1963]",0,0,0,0
Vitantonio Liuzzi,Italy,"[2005, 2006, 2007, 2009, 2010, 2011]",0,0,0,26
Dries van der Lof,Netherlands,[1952],0,0,0,0
Lella Lombardi,Italy,"[1974, 1975, 1976]",0,0,0,0.5
Ricardo Londoño,Colombia,[1981],0,0,0,0
Ernst Loof,West Germany,[1953],0,0,0,0
André Lotterer,Germany,[2014],0,0,0,0
Henri Louveau,France,"[1950, 1951]",0,0,0,0
John Love,Rhodesia,"[1962, 1963, 1964, 1965, 1967, 1968, 1969, 1970, 1971, 1972]",0,0,1,6
Pete Lovely,United States,"[1959, 1960, 1969, 1970, 1971]",0,0,0,0
Roger Loyer,France,[1954],0,0,0,0
Jean Lucas,France,[1955],0,0,0,0
Jean Lucienbonnet,France,[1959],0,0,0,0
Erik Lundgren,Sweden,[1951],0,0,0,0
Brett Lunger,United States,"[1975, 1976, 1977, 1978]",0,0,0,0
Mike MacDowel,United Kingdom,[1957],0,0,0,0
Herbert MacKay-Fraser,United States,[1957],0,0,0,0
Bill Mackey,United States,[1951],0,0,0,0
Lance Macklin,United Kingdom,"[1952, 1953, 1954, 1955]",0,0,0,0
Damien Magee,United Kingdom,"[1975, 1976]",0,0,0,0
Tony Maggs,South Africa,"[1961, 1962, 1963, 1964, 1965]",0,0,3,26
Mike Magill,United States,"[1957, 1958, 1959]",0,0,0,0
Umberto Maglioli,Italy,"[1953, 1954, 1955, 1956, 1957]",0,0,2,3.33
Jan Magnussen,Denmark,"[1995, 1997, 1998]",0,0,0,1
Kevin Magnussen,Denmark,"[2014, 2015, 2016, 2017, 2018, 2019, 2020, 2022]",0,0,1,183
Guy Mairesse,France,"[1950, 1951]",0,0,0,0
Willy Mairesse,Belgium,"[1960, 1961, 1962, 1963, 1965]",0,0,1,7
Pastor Maldonado,Venezuela,"[2011, 2012, 2013, 2014, 2015]",0,1,1,76
Nigel Mansell,United Kingdom,"[1980, 1981, 1982, 1983, 1984, 1985, 1986, 1987, 1988, 1989, 1990, 1991, 1992, 1994, 1995]",1,31,59,480
Sergio Mantovani,Italy,"[1953, 1954, 1955]",0,0,0,4
Johnny Mantz,United States,[1953],0,0,0,0
Robert Manzon,France,"[1950, 1951, 1952, 1953, 1954, 1955, 1956]",0,0,2,16
Onofre Marimón,Argentina,"[1951, 1953, 1954]",0,0,2,8.14
Helmut Marko,Austria,"[1971, 1972]",0,0,0,0
Tarso Marques,Brazil,"[1996, 1997, 2001]",0,0,0,0
Leslie Marr,United Kingdom,"[1954, 1955]",0,0,0,0
Tony Marsh,United Kingdom,"[1957, 1958, 1961]",0,0,0,0
Eugène Martin,France,[1950],0,0,0,0
Pierluigi Martini,Italy,"[1984, 1985, 1988, 1989, 1990, 1991, 1992, 1993, 1994, 1995]",0,0,0,18
Jochen Mass,West Germany,"[1973, 1974, 1975, 1976, 1977, 1978, 1979, 1980, 1982]",0,1,8,71
Felipe Massa,Brazil,"[2002, 2004, 2005, 2006, 2007, 2008, 2009, 2010, 2011, 2012, 2013, 2014, 2015, 2016, 2017]",0,11,41,1167
Cristiano da Matta,Brazil,"[2003, 2004]",0,0,0,13
Michael May,Switzerland,[1961],0,0,0,0
Timmy Mayer,United States,[1962],0,0,0,0
Nikita Mazepin,RAF,[2021],0,0,0,0
François Mazet,France,[1971],0,0,0,0
Gastón Mazzacane,Argentina,"[2000, 2001]",0,0,0,0
Kenneth McAlpine,United Kingdom,"[1952, 1953, 1955]",0,0,0,0
Perry McCarthy,United Kingdom,[1992],0,0,0,0
Ernie McCoy,United States,"[1953, 1954]",0,0,0,0
Johnny McDowell,United States,"[1950, 1951, 1952]",0,0,0,0
Jack McGrath,United States,"[1950, 1951, 1952, 1953, 1954, 1955]",0,0,2,9
Brian McGuire,Australia,[1977],0,0,0,0
Bruce McLaren,New Zealand,"[1958, 1959, 1960, 1961, 1962, 1963, 1964, 1965, 1966, 1967, 1968, 1969, 1970]",0,4,27,188.5
Allan McNish,United Kingdom,[2002],0,0,0,0
Graham McRae,New Zealand,[1973],0,0,0,0
Jim McWithey,United States,"[1959, 1960]",0,0,0,0
Carlos Menditeguy,Argentina,"[1953, 1954, 1955, 1956, 1957, 1958, 1960]",0,0,1,9
Roberto Merhi,Spain,[2015],0,0,0,0
Harry Merkel,West Germany,[1952],0,0,0,0
Arturo Merzario,Italy,"[1972, 1973, 1974, 1975, 1976, 1977, 1978, 1979]",0,0,0,11
Roberto Mieres,Argentina,"[1953, 1954, 1955]",0,0,0,13
François Migault,France,"[1972, 1974, 1975]",0,0,0,0
John Miles,United Kingdom,"[1969, 1970]",0,0,0,2
Ken Miles,United Kingdom,[1961],0,0,0,0
André Milhoux,Belgium,[1956],0,0,0,0
Chet Miller,United States,"[1951, 1952]",0,0,0,0
Gerhard Mitter,West Germany,"[1963, 1964, 1965]",0,0,0,3
Stefano Modena,Italy,"[1987, 1988, 1989, 1990, 1991, 1992]",0,0,2,17
Thomas Monarch,United States,[1963],0,0,0,0
Franck Montagny,France,[2006],0,0,0,0
Tiago Monteiro,Portugal,"[2005, 2006]",0,0,1,7
Andrea Montermini,Italy,"[1994, 1995, 1996]",0,0,0,0
Peter Monteverdi,Switzerland,[1961],0,0,0,0
Robin Montgomerie-Charrington,United Kingdom,[1952],0,0,0,0
Juan Pablo Montoya,Colombia,"[2001, 2002, 2003, 2004, 2005, 2006]",0,7,30,307
Gianni Morbidelli,Italy,"[1990, 1991, 1992, 1994, 1995, 1997]",0,0,1,8.5
Roberto Moreno,Brazil,"[1982, 1987, 1989, 1990, 1991, 1992, 1995]",0,0,1,15
Dave Morgan,United Kingdom,[1975],0,0,0,0
Silvio Moser,Switzerland,"[1967, 1968, 1969, 1970, 1971]",0,0,0,3
Bill Moss,United Kingdom,[1959],0,0,0,0
Stirling Moss,United Kingdom,"[1951, 1952, 1953, 1954, 1955, 1956, 1957, 1958, 1959, 1960, 1961]",0,16,24,185.64
Gino Munaron,Italy,[1960],0,0,0,0
David Murray,United Kingdom,"[1950, 1951, 1952]",0,0,0,0
Luigi Musso,Italy,"[1953, 1954, 1955, 1956, 1957, 1958]",0,1,7,44
Kazuki Nakajima,Japan,"[2007, 2008, 2009]",0,0,0,9
Satoru Nakajima,Japan,"[1987, 1988, 1989, 1990, 1991]",0,0,0,16
Shinji Nakano,Japan,"[1997, 1998]",0,0,0,2
Duke Nalon,United States,"[1951, 1952, 1953]",0,0,0,0
Alessandro Nannini,Italy,"[1986, 1987, 1988, 1989, 1990]",0,1,9,65
Emanuele Naspetti,Italy,"[1992, 1993]",0,0,0,0
Felipe Nasr,Brazil,"[2015, 2016]",0,0,0,29
Massimo Natili,Italy,[1961],0,0,0,0
Brian Naylor,United Kingdom,"[1957, 1958, 1959, 1960, 1961]",0,0,0,0
Mike Nazaruk,United States,"[1951, 1953, 1954]",0,0,1,8
Tiff Needell,United Kingdom,[1980],0,0,0,0
Jac Nellemann,Denmark,[1976],0,0,0,0
Patrick Nève,Belgium,"[1976, 1977, 1978]",0,0,0,0
John Nicholson,New Zealand,"[1974, 1975]",0,0,0,0
Cal Niday,United States,"[1953, 1954, 1955]",0,0,0,0
Helmut Niedermayr,West Germany,[1952],0,0,0,0
Brausch Niemann,South Africa,"[1963, 1965]",0,0,0,0
Gunnar Nilsson,Sweden,"[1976, 1977]",0,1,4,31
Hideki Noda,Japan,[1994],0,0,0,0
Lando Norris,United Kingdom,"[2019, 2020, 2021, 2022]",0,0,6,428
Rodney Nuckey,United Kingdom,[1953],0,0,0,0
Robert O'Brien,United States,[1952],0,0,0,0
Esteban Ocon,France,"[2016, 2017, 2018, 2020, 2021, 2022]",0,1,2,364
Pat O'Connor,United States,"[1954, 1955, 1956, 1957, 1958]",0,0,0,0
Casimiro de Oliveira,Portugal,[1958],0,0,0,0
Jackie Oliver,United Kingdom,"[1968, 1969, 1970, 1971, 1972, 1973, 1977]",0,0,2,13
Danny Ongais,United States,"[1977, 1978]",0,0,0,0
Rikky von Opel,Liechtenstein,"[1973, 1974]",0,0,0,0
Karl Oppitzhauser,Austria,[1976],0,0,0,0
Fritz d'Orey,Brazil,[1959],0,0,0,0
Arthur Owen,United Kingdom,[1960],0,0,0,0
Carlos Pace,Brazil,"[1972, 1973, 1974, 1975, 1976, 1977]",0,1,6,58
Nello Pagani,Italy,[1950],0,0,0,0
Riccardo Paletti,Italy,[1982],0,0,0,0
Torsten Palm,Sweden,[1975],0,0,0,0
Jolyon Palmer,United Kingdom,"[2016, 2017]",0,0,0,9
Jonathan Palmer,United Kingdom,"[1983, 1984, 1985, 1986, 1987, 1988, 1989]",0,0,0,14
Olivier Panis,France,"[1994, 1995, 1996, 1997, 1998, 1999, 2001, 2002, 2003, 2004]",0,1,5,76
Giorgio Pantano,Italy,[2004],0,0,0,0
Massimiliano Papis,Italy,[1995],0,0,0,0
Mike Parkes,United Kingdom,"[1959, 1966, 1967]",0,0,2,14
Reg Parnell,United Kingdom,"[1950, 1951, 1952, 1954]",0,0,1,9
Tim Parnell,United Kingdom,"[1959, 1961, 1963]",0,0,0,0
Johnnie Parsons,United States,"[1950, 1951, 1952, 1953, 1954, 1955, 1956, 1957, 1958]",0,1,1,12
Riccardo Patrese,Italy,"[1977, 1978, 1979, 1980, 1981, 1982, 1983, 1984, 1985, 1986, 1987, 1988, 1989, 1990, 1991, 1992, 1993]",0,6,37,281
Al Pease,Canada,"[1967, 1968, 1969]",0,0,0,0
Roger Penske,United States,"[1961, 1962]",0,0,0,0
Cesare Perdisa,Italy,"[1955, 1956, 1957]",0,0,2,5
Sergio Pérez,Mexico,"[2011, 2012, 2013, 2014, 2015, 2016, 2017, 2018, 2019, 2020, 2021, 2022]",0,4,27,1219
Luis Pérez-Sala,Spain,"[1988, 1989]",0,0,0,1
Larry Perkins,Australia,"[1974, 1976, 1977]",0,0,0,0
Henri Pescarolo,France,"[1968, 1970, 1971, 1972, 1973, 1974, 1976]",0,0,1,12
Alessandro Pesenti-Rossi,Italy,[1976],0,0,0,0
Josef Peters,West Germany,[1952],0,0,0,0
Ronnie Peterson,Sweden,"[1970, 1971, 1972, 1973, 1974, 1975, 1976, 1977, 1978]",0,10,26,206
Vitaly Petrov,Russia,"[2010, 2011, 2012]",0,0,1,64
Alfredo Pián,Argentina,[1950],0,0,0,0
Oscar Piastri,Australia,[2023],0,0,0,0
Charles Pic,France,"[2012, 2013]",0,0,0,0
François Picard,France,[1958],0,0,0,0
Ernie Pieterse,South Africa,"[1962, 1963, 1965]",0,0,0,0
Paul Pietsch,West Germany,"[1950, 1951, 1952]",0,0,0,0
André Pilette,Belgium,"[1951, 1953, 1954, 1956, 1961, 1963, 1964]",0,0,0,2
Teddy Pilette,Belgium,"[1974, 1977]",0,0,0,0
Luigi Piotti,Italy,"[1955, 1956, 1957, 1958]",0,0,0,0
David Piper,United Kingdom,"[1959, 1960]",0,0,0,0
Nelson Piquet,Brazil,"[1978, 1979, 1980, 1981, 1982, 1983, 1984, 1985, 1986, 1987, 1988, 1989, 1990, 1991]",3,23,60,481.5
Nelson Piquet Jr.,Brazil,"[2008, 2009]",0,0,1,19
Renato Pirocchi,Italy,[1961],0,0,0,0
Didier Pironi,France,"[1978, 1979, 1980, 1981, 1982]",0,3,13,101
Emanuele Pirro,Italy,"[1989, 1990, 1991]",0,0,0,3
Antônio Pizzonia,Brazil,"[2003, 2004, 2005]",0,0,0,8
Eric van de Poele,Belgium,"[1991, 1992]",0,0,0,0
Jacques Pollet,France,"[1954, 1955]",0,0,0,0
Ben Pon,Netherlands,[1962],0,0,0,0
Dennis Poore,United Kingdom,[1952],0,0,0,3
Alfonso de Portago,Spain,"[1956, 1957]",0,0,1,4
Sam Posey,United States,"[1971, 1972]",0,0,0,0
Charles Pozzi,France,[1950],0,0,0,0
Jackie Pretorius,South Africa,"[1965, 1968, 1971, 1973]",0,0,0,0
Ernesto Prinoth,Italy,[1962],0,0,0,0
David Prophet,United Kingdom,"[1963, 1965]",0,0,0,0
Alain Prost,France,"[1980, 1981, 1982, 1983, 1984, 1985, 1986, 1987, 1988, 1989, 1990, 1991, 1993]",4,51,106,768.5
Tom Pryce,United Kingdom,"[1974, 1975, 1976, 1977]",0,0,2,19
David Purley,United Kingdom,"[1973, 1974, 1977]",0,0,0,0
Clive Puzey,Rhodesia,[1965],0,0,0,0
Dieter Quester,Austria,"[1969, 1974]",0,0,0,0
Ian Raby,United Kingdom,"[1963, 1964, 1965]",0,0,0,0
Bobby Rahal,United States,[1978],0,0,0,0
Kimi Räikkönen,Finland,"[2001, 2002, 2003, 2004, 2005, 2006, 2007, 2008, 2009, 2012, 2013, 2014, 2015, 2016, 2017, 2018, 2019, 2020, 2021]",1,21,103,1873
Hermano da Silva Ramos,Brazil,"[1955, 1956]",0,0,0,2
Pierre-Henri Raphanel,France,"[1988, 1989]",0,0,0,0
Dick Rathmann,United States,"[1950, 1956, 1958, 1959, 1960]",0,0,0,2
Jim Rathmann,United States,"[1950, 1952, 1953, 1954, 1955, 1956, 1957, 1958, 1959, 1960]",0,1,4,29
Roland Ratzenberger,Austria,[1994],0,0,0,0
Héctor Rebaque,Mexico,"[1977, 1978, 1979, 1980, 1981]",0,0,0,13
Brian Redman,United Kingdom,"[1968, 1970, 1971, 1972, 1973, 1974]",0,0,1,8
Jimmy Reece,United States,"[1952, 1954, 1955, 1956, 1957, 1958]",0,0,0,0
Ray Reed,Rhodesia,[1965],0,0,0,0
Alan Rees,United Kingdom,[1967],0,0,0,0
Clay Regazzoni,Switzerland,"[1970, 1971, 1972, 1973, 1974, 1975, 1976, 1977, 1978, 1979, 1980]",0,5,28,209
Paul di Resta,United Kingdom,"[2011, 2012, 2013, 2017]",0,0,0,121
Carlos Reutemann,Argentina,"[1972, 1973, 1974, 1975, 1976, 1977, 1978, 1979, 1980, 1981, 1982]",0,12,45,298
Lance Reventlow,United States,[1960],0,0,0,0
Peter Revson,United States,"[1964, 1971, 1972, 1973, 1974]",0,2,8,61
John Rhodes,United Kingdom,[1965],0,0,0,0
Alex Ribeiro,Brazil,"[1976, 1977, 1979]",0,0,0,0
Daniel Ricciardo,Australia,"[2011, 2012, 2013, 2014, 2015, 2016, 2017, 2018, 2019, 2020, 2021, 2022]",0,8,32,1311
Ken Richardson,United Kingdom,[1951],0,0,0,0
Fritz Riess,West Germany,[1952],0,0,0,0
Jim Rigsby,United States,[1952],0,0,0,0
Jochen Rindt,Austria,"[1964, 1965, 1966, 1967, 1968, 1969, 1970]",1,6,13,107
John Riseley-Prichard,United Kingdom,[1954],0,0,0,0
Giovanni de Riu,Italy,[1954],0,0,0,0
Richard Robarts,United Kingdom,[1974],0,0,0,0
Pedro Rodríguez,Mexico,"[1963, 1964, 1965, 1966, 1967, 1968, 1969, 1970, 1971]",0,2,7,71
Ricardo Rodríguez,Mexico,"[1961, 1962]",0,0,0,4
Alberto Rodriguez Larreta,Argentina,[1960],0,0,0,0
Franco Rol,Italy,"[1950, 1951, 1952]",0,0,0,0
Alan Rollinson,United Kingdom,[1965],0,0,0,0
Tony Rolt,United Kingdom,"[1950, 1953, 1955]",0,0,0,0
Bertil Roos,Sweden,[1974],0,0,0,0
Pedro de la Rosa,Spain,"[1999, 2000, 2001, 2002, 2005, 2006, 2010, 2011, 2012]",0,0,1,35
Keke Rosberg,Finland,"[1978, 1979, 1980, 1981, 1982, 1983, 1984, 1985, 1986]",1,5,17,159.5
Nico Rosberg,Germany,"[2006, 2007, 2008, 2009, 2010, 2011, 2012, 2013, 2014, 2015, 2016]",1,23,57,1594.5
Mauri Rose,United States,"[1950, 1951]",0,0,1,4
Louis Rosier,France,"[1950, 1951, 1952, 1953, 1954, 1955, 1956]",0,0,2,18
Ricardo Rosset,Brazil,"[1996, 1997, 1998]",0,0,0,0
Alexander Rossi,United States,[2015],0,0,0,0
Huub Rothengatter,Netherlands,"[1984, 1985, 1986]",0,0,0,0
Basil van Rooyen,South Africa,"[1968, 1969]",0,0,0,0
Lloyd Ruby,United States,"[1960, 1961]",0,0,0,0
Jean-Claude Rudaz,Switzerland,[1964],0,0,0,0
George Russell,United Kingdom,"[2019, 2020, 2021, 2022]",0,1,9,300
Eddie Russo,United States,"[1955, 1956, 1957, 1960]",0,0,0,0
Paul Russo,United States,"[1950, 1951, 1952, 1953, 1954, 1955, 1956, 1957, 1958, 1959, 1960]",0,0,1,8.5
Troy Ruttman,United States,"[1950, 1951, 1952, 1953, 1954, 1955, 1956, 1957, 1958, 1960]",0,1,1,9.5
Peter Ryan,Canada,[1961],0,0,0,0
Eddie Sachs,United States,"[1957, 1958, 1959, 1960]",0,0,0,0
Bob Said,United States,[1959],0,0,0,0
Carlos Sainz Jr.,Spain,"[2015, 2016, 2017, 2018, 2019, 2020, 2021, 2022]",0,1,15,794.5
Eliseo Salazar,Chile,"[1981, 1982, 1983]",0,0,0,3
Mika Salo,Finland,"[1994, 1995, 1996, 1997, 1998, 1999, 2000, 2002]",0,0,2,33
Roy Salvadori,United Kingdom,"[1952, 1953, 1954, 1955, 1956, 1957, 1958, 1959, 1960, 1961, 1962]",0,0,2,19
Consalvo Sanesi,Italy,"[1950, 1951]",0,0,0,3
Stéphane Sarrazin,France,[1999],0,0,0,0
Logan Sargeant,United States,[2023],0,0,0,0
Takuma Sato,Japan,"[2002, 2003, 2004, 2005, 2006, 2007, 2008]",0,0,1,44
Carl Scarborough,United States,"[1951, 1953]",0,0,0,0
Ludovico Scarfiotti,Italy,"[1963, 1964, 1965, 1966, 1967, 1968]",0,1,1,17
Giorgio Scarlatti,Italy,"[1956, 1957, 1958, 1959, 1960, 1961]",0,0,0,1
Ian Scheckter,South Africa,"[1974, 1975, 1976, 1977]",0,0,0,0
Jody Scheckter,South Africa,"[1972, 1973, 1974, 1975, 1976, 1977, 1978, 1979, 1980]",1,10,33,246
Harry Schell,United States,"[1950, 1951, 1952, 1953, 1954, 1955, 1956, 1957, 1958, 1959, 1960]",0,0,2,32
Tim Schenken,Australia,"[1970, 1971, 1972, 1973, 1974]",0,0,1,7
Albert Scherrer,Switzerland,[1953],0,0,0,0
Domenico Schiattarella,Italy,"[1994, 1995]",0,0,0,0
Heinz Schiller,Switzerland,[1962],0,0,0,0
Bill Schindler,United States,"[1950, 1951, 1952]",0,0,0,0
Jean-Louis Schlesser,France,"[1983, 1988]",0,0,0,0
Jo Schlesser,France,[1968],0,0,0,0
Bernd Schneider,West Germany,"[1988, 1989, 1990]",0,0,0,0
Rudolf Schoeller,Switzerland,[1952],0,0,0,0
Rob Schroeder,United States,[1962],0,0,0,0
Michael Schumacher,Germany,"[1991, 1992, 1993, 1994, 1995, 1996, 1997, 1998, 1999, 2000, 2001, 2002, 2003, 2004, 2005, 2006, 2010, 2011, 2012]",7,91,155,1566
Mick Schumacher,Germany,"[2021, 2022]",0,0,0,12
Ralf Schumacher,Germany,"[1997, 1998, 1999, 2000, 2001, 2002, 2003, 2004, 2005, 2006, 2007]",0,6,27,329
Vern Schuppan,Australia,"[1972, 1974, 1975, 1977]",0,0,0,0
Adolfo Schwelm Cruz,Argentina,[1953],0,0,0,0
Bob Scott,United States,"[1952, 1953, 1954]",0,0,0,0
Archie Scott Brown,United Kingdom,[1956],0,0,0,0
Piero Scotti,Italy,[1956],0,0,0,0
Wolfgang Seidel,West Germany,"[1953, 1958, 1960, 1961, 1962]",0,0,0,0
Günther Seiffert,West Germany,[1962],0,0,0,0
Ayrton Senna,Brazil,"[1984, 1985, 1986, 1987, 1988, 1989, 1990, 1991, 1992, 1993, 1994]",3,41,80,610
Bruno Senna,Brazil,"[2010, 2011, 2012]",0,0,0,33
Dorino Serafini,Italy,[1950],0,0,1,3
Chico Serra,Brazil,"[1981, 1982, 1983]",0,0,0,1
Doug Serrurier,South Africa,"[1962, 1963, 1965]",0,0,0,0
Johnny Servoz-Gavin,France,"[1967, 1968, 1969, 1970]",0,0,1,9
Tony Settember,United States,"[1962, 1963]",0,0,0,0
Hap Sharp,United States,"[1961, 1962, 1963, 1964]",0,0,0,0
Brian Shawe-Taylor,United Kingdom,"[1950, 1951]",0,0,0,0
Carroll Shelby,United States,"[1958, 1959]",0,0,0,0
Tony Shelly,New Zealand,[1962],0,0,0,0
Jo Siffert,Switzerland,"[1962, 1963, 1964, 1965, 1966, 1967, 1968, 1969, 1970, 1971]",0,2,6,68
André Simon,France,"[1951, 1952, 1955, 1956, 1957]",0,0,0,0
Sergey Sirotkin,Russia,[2018],0,0,0,1
Rob Slotemaker,Netherlands,[1962],0,0,0,0
Moisés Solana,Mexico,"[1963, 1964, 1965, 1966, 1967, 1968]",0,0,0,0
Alex Soler-Roig,Spain,"[1970, 1971, 1972]",0,0,0,0
Raymond Sommer,France,[1950],0,0,0,3
Vincenzo Sospiri,Italy,[1997],0,0,0,0
Stephen South,United Kingdom,[1980],0,0,0,0
Mike Sparken,France,[1955],0,0,0,0
Scott Speed,United States,"[2006, 2007]",0,0,0,0
Mike Spence,United Kingdom,"[1963, 1964, 1965, 1966, 1967, 1968]",0,0,1,27
Alan Stacey,United Kingdom,"[1958, 1959, 1960]",0,0,0,0
Gaetano Starrabba,Italy,[1961],0,0,0,0
Will Stevens,United Kingdom,"[2014, 2015]",0,0,0,0
Chuck Stevenson,United States,"[1951, 1952, 1953, 1954, 1960]",0,0,0,0
Ian Stewart,United Kingdom,[1953],0,0,0,0
Jackie Stewart,United Kingdom,"[1965, 1966, 1967, 1968, 1969, 1970, 1971, 1972, 1973]",3,27,43,359
Jimmy Stewart,United Kingdom,[1953],0,0,0,0
Siegfried Stohr,Italy,[1981],0,0,0,0
Rolf Stommelen,West Germany,"[1970, 1971, 1972, 1973, 1974, 1975, 1976, 1978]",0,0,1,14
Philippe Streiff,France,"[1984, 1985, 1986, 1987, 1988]",0,0,1,11
Lance Stroll,Canada,"[2017, 2018, 2019, 2020, 2021, 2022]",0,0,3,202
Hans Stuck,West Germany,"[1951, 1952, 1953]",0,0,0,0
Hans-Joachim Stuck,West Germany,"[1974, 1975, 1976, 1977, 1978, 1979]",0,0,2,29
Otto Stuppacher,Austria,[1976],0,0,0,0
Danny Sullivan,United States,[1983],0,0,0,2
Marc Surer,Switzerland,"[1979, 1980, 1981, 1982, 1983, 1984, 1985, 1986]",0,0,0,17
John Surtees,United Kingdom,"[1960, 1961, 1962, 1963, 1964, 1965, 1966, 1967, 1968, 1969, 1970, 1971, 1972]",1,6,24,180
Andy Sutcliffe,United Kingdom,[1977],0,0,0,0
Adrian Sutil,Germany,"[2007, 2008, 2009, 2010, 2011, 2013, 2014]",0,0,0,124
Len Sutton,United States,"[1958, 1959, 1960]",0,0,0,0
Aguri Suzuki,Japan,"[1988, 1989, 1990, 1991, 1992, 1993, 1994, 1995]",0,0,1,8
Toshio Suzuki,Japan,[1993],0,0,0,0
Jacques Swaters,Belgium,"[1951, 1953, 1954]",0,0,0,0
Bob Sweikert,United States,"[1952, 1953, 1954, 1955, 1956]",0,1,1,8
Toranosuke Takagi,Japan,"[1998, 1999]",0,0,0,0
Noritake Takahara,Japan,"[1976, 1977]",0,0,0,0
Kunimitsu Takahashi,Japan,[1977],0,0,0,0
Patrick Tambay,France,"[1977, 1978, 1979, 1981, 1982, 1983, 1984, 1985, 1986]",0,2,11,103
Luigi Taramazzo,Italy,[1958],0,0,0,0
Gabriele Tarquini,Italy,"[1987, 1988, 1989, 1990, 1991, 1992, 1995]",0,0,0,1
Piero Taruffi,Italy,"[1950, 1951, 1952, 1954, 1955, 1956]",0,1,5,41
Dennis Taylor,United Kingdom,[1959],0,0,0,0
Henry Taylor,United Kingdom,"[1959, 1960, 1961]",0,0,0,3
John Taylor,United Kingdom,"[1964, 1966]",0,0,0,1
Mike Taylor,United Kingdom,"[1959, 1960]",0,0,0,0
Trevor Taylor,United Kingdom,"[1959, 1961, 1962, 1963, 1964, 1966]",0,0,1,8
Marshall Teague,United States,"[1953, 1954, 1957]",0,0,0,0
Shorty Templeman,United States,"[1955, 1958, 1960]",0,0,0,0
Max de Terra,Switzerland,"[1952, 1953]",0,0,0,0
André Testut,Monaco,"[1958, 1959]",0,0,0,0
Mike Thackwell,New Zealand,"[1980, 1984]",0,0,0,0
Alfonso Thiele,United States,[1960],0,0,0,0
Eric Thompson,United Kingdom,[1952],0,0,0,2
Johnny Thomson,United States,"[1953, 1954, 1955, 1956, 1957, 1958, 1959, 1960]",0,0,1,10
Leslie Thorne,United Kingdom,[1954],0,0,0,0
Bud Tingelstad,United States,[1960],0,0,0,0
Sam Tingle,Rhodesia,"[1963, 1965, 1967, 1968, 1969]",0,0,0,0
Desmond Titterington,United Kingdom,[1956],0,0,0,0
Johnnie Tolan,United States,"[1956, 1957, 1958]",0,0,0,0
Alejandro de Tomaso,Argentina,"[1957, 1959]",0,0,0,0
Charles de Tornaco,Belgium,"[1952, 1953]",0,0,0,0
Tony Trimmer,United Kingdom,"[1975, 1976, 1977, 1978]",0,0,0,0
Maurice Trintignant,France,"[1950, 1951, 1952, 1953, 1954, 1955, 1956, 1957, 1958, 1959, 1960, 1961, 1962, 1963, 1964]",0,2,10,72.33
Wolfgang von Trips,West Germany,"[1956, 1957, 1958, 1959, 1960, 1961]",0,2,6,56
Jarno Trulli,Italy,"[1997, 1998, 1999, 2000, 2001, 2002, 2003, 2004, 2005, 2006, 2007, 2008, 2009, 2010, 2011]",0,1,11,246.5
Yuki Tsunoda,Japan,"[2021, 2022]",0,0,0,44
Esteban Tuero,Argentina,[1998],0,0,0,0
Guy Tunmer,South Africa,[1975],0,0,0,0
Jack Turner,United States,"[1956, 1957, 1958, 1959]",0,0,0,0
Toni Ulmen,West Germany,[1952],0,0,0,0
Bobby Unser,United States,[1968],0,0,0,0
Jerry Unser Jr.,United States,[1958],0,0,0,0
Alberto Uria,Uruguay,"[1955, 1956]",0,0,0,0
Nino Vaccarella,Italy,"[1961, 1962, 1965]",0,0,0,0
Stoffel Vandoorne,Belgium,"[2016, 2017, 2018]",0,0,0,26
Bob Veith,United States,"[1956, 1957, 1958, 1959, 1960]",0,0,0,0
Jean-Éric Vergne,France,"[2012, 2013, 2014]",0,0,0,51
Jos Verstappen,Netherlands,"[1994, 1995, 1996, 1997, 1998, 2000, 2001, 2003]",0,0,2,17
Max Verstappen,Netherlands,"[2015, 2016, 2017, 2018, 2019, 2020, 2021, 2022]",2,36,78,2036.5
Sebastian Vettel,Germany,"[2007, 2008, 2009, 2010, 2011, 2012, 2013, 2014, 2015, 2016, 2017, 2018, 2019, 2020, 2021, 2022]",4,53,122,3098
Gilles Villeneuve,Canada,"[1977, 1978, 1979, 1980, 1981, 1982]",0,6,13,101
Jacques Villeneuve,Canada,"[1996, 1997, 1998, 1999, 2000, 2001, 2002, 2003, 2004, 2005, 2006]",1,11,23,235
Jacques Villeneuve Sr.,Canada,"[1981, 1983]",0,0,0,0
Luigi Villoresi,Italy,"[1950, 1951, 1952, 1953, 1954, 1955, 1956]",0,0,8,46
Emilio de Villota,Spain,"[1976, 1977, 1978, 1981, 1982]",0,0,0,0
Ottorino Volonterio,Switzerland,"[1954, 1956, 1957]",0,0,0,0
Jo Vonlanthen,Switzerland,[1975],0,0,0,0
Ernie de Vos,Canada,[1963],0,0,0,0
Nyck de Vries,Netherlands,[2022],0,0,0,2
Bill Vukovich,United States,"[1951, 1952, 1953, 1954, 1955]",0,2,2,19
Syd van der Vyver,South Africa,[1962],0,0,0,0
Fred Wacker,United States,"[1953, 1954]",0,0,0,0
David Walker,Australia,"[1971, 1972]",0,0,0,0
Peter Walker,United Kingdom,"[1950, 1951, 1955]",0,0,0,0
Lee Wallard,United States,"[1950, 1951]",0,1,1,9
Heini Walter,Switzerland,[1962],0,0,0,0
Rodger Ward,United States,"[1951, 1952, 1953, 1954, 1955, 1956, 1957, 1958, 1959, 1960, 1963]",0,1,2,14
Derek Warwick,United Kingdom,"[1981, 1982, 1983, 1984, 1985, 1986, 1987, 1988, 1989, 1990, 1993]",0,0,4,71
John Watson,United Kingdom,"[1973, 1974, 1975, 1976, 1977, 1978, 1979, 1980, 1981, 1982, 1983, 1985]",0,5,20,169
Spider Webb,United States,"[1950, 1952, 1953, 1954]",0,0,0,0
Mark Webber,Australia,"[2002, 2003, 2004, 2005, 2006, 2007, 2008, 2009, 2010, 2011, 2012, 2013]",0,9,42,1047.5
Pascal Wehrlein,Germany,"[2016, 2017]",0,0,0,6
Volker Weidler,West Germany,[1989],0,0,0,0
Wayne Weiler,United States,[1960],0,0,0,0
Karl Wendlinger,Austria,"[1991, 1992, 1993, 1994, 1995]",0,0,0,14
Peter Westbury,United Kingdom,[1970],0,0,0,0
Chuck Weyant,United States,"[1955, 1957, 1958, 1959]",0,0,0,0
Ken Wharton,United Kingdom,"[1952, 1953, 1954, 1955]",0,0,0,3
Ted Whiteaway,United Kingdom,[1955],0,0,0,0
Graham Whitehead,United Kingdom,[1952],0,0,0,0
Peter Whitehead,United Kingdom,"[1950, 1951, 1952, 1953, 1954]",0,0,1,4
Bill Whitehouse,United Kingdom,[1954],0,0,0,0
Robin Widdows,United Kingdom,[1968],0,0,0,0
Eppie Wietzes,Canada,"[1967, 1974]",0,0,0,0
Mike Wilds,United Kingdom,"[1974, 1975, 1976]",0,0,0,0
Jonathan Williams,United Kingdom,[1967],0,0,0,0
Roger Williamson,United Kingdom,[1973],0,0,0,0
Dempsey Wilson,United States,"[1958, 1960]",0,0,0,0
Desiré Wilson,South Africa,[1980],0,0,0,0
Justin Wilson,United Kingdom,[2003],0,0,0,1
Vic Wilson,United Kingdom,"[1960, 1966]",0,0,0,0
Joachim Winkelhock,West Germany,[1989],0,0,0,0
Manfred Winkelhock,West Germany,"[1980, 1982, 1983, 1984, 1985]",0,0,0,2
Markus Winkelhock,Germany,[2007],0,0,0,0
Reine Wisell,Sweden,"[1970, 1971, 1972, 1973, 1974]",0,0,1,13
Roelof Wunderink,Netherlands,[1975],0,0,0,0
Alexander Wurz,Austria,"[1997, 1998, 1999, 2000, 2005, 2007]",0,0,3,45
Sakon Yamamoto,Japan,"[2006, 2007, 2010]",0,0,0,0
Alex Yoong,Malaysia,"[2001, 2002]",0,0,0,0
Alessandro Zanardi,Italy,"[1991, 1992, 1993, 1994, 1999]",0,0,0,1
Emilio Zapico,Spain,[1976],0,0,0,0
Zhou Guanyu,China,[2022],0,0,0,6
Ricardo Zonta,Brazil,"[1999, 2000, 2001, 2004, 2005]",0,0,0,3
Renzo Zorzi,Italy,"[1975, 1976, 1977]",0,0,0,1
Ricardo Zunino,Argentina,"[1979, 1980, 1981]",0,0,0,0